question,answer
"Если не работает радарная часть (радар-детектор); Как настроить радар, чтобы он ловил камеры?; Почему мой радар Fujida не оповещает о камерах?; Радар работает без звука, как включить оповещения?; Мой радар-детектор не видит камеры, что делать?; Нет звуковых оповещений о камерах, как настроить?; Какие настройки нужно изменить, чтобы радар начал оповещать о камерах?; После обновления прошивки радар перестал оповещать о камерах.","Фильтр слабых сигналов - установите ""Низкий"" или ""Выключен"" для лучшего обнаружения камер. Тихий режим - убедитесь, что он отключен, а общая громкость оповещений достаточная (3-5). Фильтр скорости - установите минимальное значение (0-10 км/ч) или выключите, чтобы получать оповещения при любой скорости. После настройки перезагрузите устройство. Если проблема сохраняется, обновите базу данных камер или прошивку."
"Как установить обновление на устройство.; Как установить обновление на устройство Fujida.; Что делать после копирования файлов прошивки на SD карту.; Процедура обновления прошивки на видеорегистраторе.; У меня не запускается обновление на Karma как это сделать.; Как включить режим обновления на комбо-устройстве.; Как обновить прошивку через SD карту.; Не могу понять как установить новую прошивку на видеорегистратор.","Обновление прошивки с помощью карты памяти и компьютера: Перейдите на сайт https://update.fujida.su/services/ Скачайте файл ""Актуальная прошивка и база камер"" для своей модели Извлеките файлы из архива Отформатируйте карту памяти Если форматируете на регистраторе — выберите форматирование в меню устройства Если на компьютере (для карт до 32 ГБ): - Файловая система: FAT32 - Размер кластера: 32 КБ Карты памяти с объемом более 32 ГБ (например 64 ГБ или 128 ГБ) необходимо форматировать только через меню настроек видеорегистратора Скопируйте разархивированные файлы в корень карты памяти Вставьте карту в выключенный видеорегистратор Подключите питание через оригинальный кабель в автомобиле На экране появится строка с прогрессом обновления После завершения устройство автоматически перезагрузится Файлы с карты будут удалены автоматически Проверьте в меню настроек версию установленной прошивки Видеонструкция: https://vk.com/video/@fujida_rus?z=video-174258496_456239174%2Fclub174258496"
"Как пользоваться приложением Fujida.Pro.; Не могу разобраться с подключением регистратора к приложению на телефоне.; Какие функции доступны в мобильном приложении для Karma.; Как настроить параметры видеорегистратора через Fujida.Pro.; На каких телефонах работает приложение для Fujida.","Скачайте приложение Fujida.Pro: Для iOS (iPhone): https://apps.apple.com/ru/app/fujida-pro/id6463075934 Для Android: https://play.google.com/store/apps/details?id=mykj.fujidapro.jcd Установите соединение с устройством по Wi-Fi Пароль для подключения: 12345678 Откройте приложение. Для IOS обязательно предоставьте доступ к локальной сети и сотовым данным. Выберите свою модель устройства: Если у вас регистратор с радар-детектором и GPS-базой камер (3 в 1) — выберите модель в разделе ""Гибриды"" Если у вас регистратор с GPS-базой камер (2 в 1) — выберите модель в разделе ""GPS-информаторы"" Если у вас обычный видеорегистратор — выберите соответствующий раздел После выбора модели откроется меню с функциями: ● Просмотр онлайн-трансляции с регистратора ● Обновление устройства ● Загрузка файлов с устройства на телефон или просмотр видео файлов напрямую с устройства ● Настройки видеорегистратора и радарной части (если имеется) ● Просмотр инструкции по эксплуатации ● Раздел ""Путешествие с Fujida"" Инструкция для обновления устройства через приложение Fujida Pro: Включите мобильный интернет Перейдите в раздел “Обновление”. Нажмите кнопку “Загрузить обновление”. После загрузки в телефон нажмите на кнопку “Установить обновление”. Комбо самостоятельно определит наличие новой прошивки и начнет её обновление. После начала установки устройство автоматически перезагрузится. Обновление будет запущено автоматически Видеоинструкция: https://vkvideo.ru/video-174258496_456239175"
"Что делать, если устройство не включается и не загорается дисплей.; Мой Fujida полностью перестал работать.; Регистратор не подает признаков жизни как его оживить.; Видеорегистратор внезапно перестал загружаться экран не светится совсем.","Подключите устройство в автомобиле без карты памяти. Используйте оригинальный адаптер питания со шнуром от прикуривателя. Если устройство включается без карты памяти, проверьте работоспособность карты. Проверьте, работает ли индикатор на адаптере питания. Если индикатор горит — питание поступает. Если индикатор не горит — проверьте предохранитель. Отверните конец адаптера. Проверьте целостность нити предохранителя. Если устройство по-прежнему не включается, выполните обновление прошивки с помощью карты памяти и компьютера."
"Ошибка карты памяти или не ведется запись.; Как проверить карту памяти.; Любые проблемы с картой памяти.; Видеорегистратор пишет ошибка карты памяти как исправить.; Fujida не записывает видео хотя карта вставлена.; Как правильно форматировать SD карту для Karma.; Устройство не видит флешку что делать.; После включения пишет проверьте карту памяти и не начинает запись.; Как проверить карту памяти на совместимость с Fujida.; Какой программой можно протестировать SD карту на ошибки.; Почему Karma может писать что карта памяти повреждена.; Как диагностировать проблемы с картой памяти если запись прерывается.","Возможные причины: неисправная карта памяти, использование неоригинального адаптера питания или кабеля, несовместимая карта памяти с низкой скоростью записи, карта памяти заполнилась защищёнными от перезаписи файлами. Рекомендации по устранению ошибки: используйте только оригинальный адаптер питания со шнуром. Выполните принудительное форматирование карты памяти через меню видеорегистратора. После форматирования снимите устройство с магнитного крепления, чтобы видеорегистратор выключился. Поместите устройство снова на магнитное крепление для включения. Если ""Ошибка записи"" не исчезла, повторите пункты. Выключите G-сенсор, чтобы карта памяти не заполнялась защищенными файлами. Проверьте карту памяти с помощью тестовой программы: https://www.fujida.su/guarantee/microSD-test.php?clear_cache=Y Обязательно проверяйте скорость записи, а не чтения. Сохраните и отправьте фото с графиком проверки для анализа. После тестирования обязательно отформатируйте карту памяти на компьютере, далее через меню настроек видеорегистратора. Дальнейшие действия: если карта не подходит по характеристикам — замените её на карту Class 10 или выше (скорость записи от 10 МБ/с). После замены отформатируйте карту памяти через меню настроек видеорегистратора."
"Проблемы с GPS.; Не показывает скорость.; Скорость отображается некорректно.; Почему мой Fujida не показывает скорость движения.; GPS в моем регистраторе не работает как это исправить.; На моем Karma отображается неправильная скорость намного ниже реальной.; Видеорегистратор пишет что скорость 0 км/ч хотя я еду.; После обновления прошивки перестал работать датчик скорости что делать","Блокировка GPS: В стратегически важных регионах РФ и их окрестностях может происходить блокировка сигналов GPS с помощью систем радиоэлектронной борьбы. Попробуйте выехать за пределы города, где сигнал GPS не блокируется. Если иконка спутниковой тарелки загорится белым или скорость начнет отображаться корректно, то соединение с GPS установлено. Проверка карты памяти: Убедитесь, что карта памяти установлена и работает исправно. Если она неисправна или не соответствует 10 классу, то все функции устройства могут работать некорректно. Неисправность GPS модуля: Проверьте версию базы камер в меню настроек устройства. Если база камер в меню отображается как 00000000, возможно, GPS-модуль не функционирует корректно."
"Проблемы с работой устройства (перезагрузка, зависание, торможение и т.д.).; Мой видеорегистратор Fujida постоянно перезагружается сам по себе.; Устройство зависает при включении и не реагирует на кнопки.; Karma тормозит и медленно реагирует на нажатия кнопок.; После работы несколько часов комбо устройство начинает глючить.; Как сбросить настройки если регистратор не включается нормально.","Проверьте карту памяти на работоспособность. Если карта памяти неисправна или не соответствует классу 10, функции устройства могут работать некорректно. Используйте только оригинальный адаптер питания со шнуром. Обновите устройство с помощью карты памяти и компьютера. Датчик движения: Датчик движения в вашем устройстве отключен, так как он предназначен для использования в режиме парковки. Датчик запускает запись только при наличии движения в кадре. Использование этой функции при движении автомобиля может привести к некорректной записи."
"Как отправить устройство в сервисный центр.; Как отправить устройство в сервисный центр Fujida.; Нужно ли заполнять какие-то документы для гарантийного ремонта регистратора.; Где находятся сервисные центры по ремонту Karma в моем городе.; Сколько времени занимает ремонт видеорегистратора в сервисе.; Что делать если устройство сломалось в течение гарантийного срока.","Связь с поддержкой: Позвоните по бесплатному номеру телефона 8 (800) 500-31-16 (только по России). Напишите на электронную почту support@fujida.su или свяжитесь через WhatsApp/Telegram: +7 927 035-55-55. (Режим работы: пн-пт, 09:00-18:00 по московскому времени). Опишите проблему с устройством, укажите модель и приложите фотографии неисправности. Получение инструкций: Служба поддержки предоставит информацию об отправке устройства на ремонт и список необходимых документов. Подготовка устройства: Очистите и аккуратно упакуйте устройство. Используйте оригинальную или защитную упаковку. Соберите все комплектующие: кабель питания, крепление на лобовое стекло, карту памяти (если отправляете видеорегистратор или комбо-устройство). Если кабель питания установлен скрытно, его можно не отправлять. Подготовка документов: Распечатайте и положите в упаковку документы, подтверждающие покупку (чек), заявление на гарантийное обслуживание. Отправка устройства: Отправка осуществляется транспортной компанией СДЭК. Все транспортные расходы возмещает компания Fujida (при гарантийном ремонте). Отправьте устройство из любого удобного пункта выдачи СДЭК. За 30 минут до посещения филиала СДЭК: позвоните по бесплатному номеру 8 800 500-31-16 или напишите в чате для создания накладной на отправление. Ожидание: После отправки ожидайте ответ от службы поддержки о статусе ремонта. Специалисты свяжутся с вами после проверки устройства. Вопросы: Если у вас возникли вопросы по процессу, сообщите нам!"
"Какую карту памяти купить.; Какую карту памяти купить для видеорегистратора Fujida.; Какие SD карты совместимы с устройствами Karma.; Рекомендуемый класс и объем карты памяти для комбо-устройств.; Что лучше выбрать microSD 32 или 64 ГБ для регистратора.; Какие производители флеш-карт наиболее надежны для видеозаписи в Fujida.","Мы рекомендуем использовать только оригинальные карты памяти Fujida, так как не можем гарантировать качество карт памяти других брендов. Оригинальные карты Fujida соответствуют заявленным характеристикам и имеют гарантию 1 год. Возможные варианты карт памяти: Fujida Pro microSDHC 16 GB UHS-I Class 10; Fujida Pro microSDXC 128 GB UHS-I U3 Class 10."
"Где купить шнур питания для комбо и регистратора","Вы можете купить шнур питания по этой ссылке: https://fujida.su/catalog/accessories/"
"Почему качество видео при отправке через телефон плохое.; Почему видео из приложения Fujida.Pro выглядит размытым и нечетким.; Как получить оригинальное качество записи с регистратора вместо сжатого.; При скачивании через телефон ролики теряют качество почему так.; В приложении видео выглядит хуже чем на самом регистраторе Karma.; Можно ли отправить видео с регистратора без потери качества через телефон.","Сжатие в мессенджерах: Telegram и WhatsApp всегда сжимают видео, что снижает его качество. Как отправить видео без сжатия: чтобы отправить видео без потери качества, сохраните его в галерее и отправьте через Telegram как файл. Особенности обработки видео: приложение Telegram не поддерживает видео с 60 кадрами в секунду. Чтобы отправить такое видео, приложение конвертирует его в 30 кадров в секунду и в поддерживаемый формат. Затем Telegram дополнительно сжимает видео, что влияет на качество. В WhatsApp высокое разрешение видео также не поддерживается."
"При обновлении по WiFi произошел сбой.; При обновлении по WiFi произошел сбой и устройство не включается.; Процесс загрузки прошивки через Fujida.Pro остановился на половине что делать.; Обновление через приложение зависло и теперь регистратор не работает.; Karma выдает ошибку при попытке беспроводного обновления системы.; После неудачного обновления по WiFi как восстановить работу видеорегистратора.","Причина сбоя: иногда при обновлении ПО по WiFi устройство может обновиться некорректно из-за множества процессов, происходящих на смартфоне. Если в процессе обновления подача питания прекратилась, то файлы на устройство могут установиться некорректно. Возможна неисправная карта памяти. Решение: проверьте карту памяти на работоспособность. Если карта памяти неисправна или не соответствует классу 10, то обновление на устройство может установиться некорректно. Рекомендуется обновить прошивку устройства с помощью карты памяти и компьютера."
"Кто будет платить за доставку.; Кто оплачивает доставку устройства в сервисный центр Fujida.; Нужно ли мне платить за пересылку регистратора по гарантии.; При негарантийном ремонте Karma кто оплачивает почтовые расходы.; Компания возмещает затраты на отправку видеорегистратора в ремонт.; За чей счет производится обратная доставка после сервисного обслуживания.","Гарантийный случай: если случай является гарантийным, то отправка в обе стороны и ремонт осуществляются за счёт компании. Не гарантийный случай: если срок гарантии истёк или случай не является гарантийным, то отправка в обе стороны происходит за счёт клиента. Отказ от ремонта: в случае, если случай не гарантийный, вы можете отказаться от ремонта, и устройство будет отправлено обратно за счёт клиента."
"При втором повороте ключа видеорегистратор перестаёт работать и выключается.; Почему Fujida отключается когда завожу машину.; Регистратор работает пока не поверну ключ зажигания до конца.; Karma выключается в момент запуска двигателя автомобиля.; При старте мотора видеорегистратор гаснет и перезагружается что делать.","Правильное включение авто: самое правильное включение автомобиля — это первый поворот ключа до момента, когда срабатывает бензонасос. В этот момент подаётся питание, конденсатор комбо набирает заряд, и процессор начинает следить за питанием. Дальнейшие действия: после первого поворота ключа заводите автомобиль. В зависимости от машины, комбо может либо перезагрузиться, либо продолжить свою работу. Особенности автозапуска: в некоторых автомобилях при автозапуске прикуриватель не работает, пока не повернёте ключ в замке зажигания. Это зависит от особенностей автомобиля. Рекомендации по эксплуатации: лучше уносить комбо с собой, особенно при низких температурах, так как на устройстве может собираться конденсат, который пагубно влияет на его работу. Практическое наблюдение: если бережно относиться к устройству, оно проработает долго и надёжно."
"Камеру проехал, а комбо всё ещё оповещает по радиомодулю.; Почему Karma продолжает сигналить о камере которую я уже миновал.; Радар-детектор пищит даже после того как я проехал пост контроля скорости.; В чем причина ложных срабатываний радара после проезда камеры.; Устройство долго не прекращает оповещение по радиомодулю даже когда камера позади.","Направление камер: в городах с большим количеством камер может быть ситуация, когда камеры направлены как в лоб, так и в спину. Это увеличивает вероятность того, что устройство продолжает улавливать сигнал. Дальность улавливания: некоторые камеры могут быть замечены комбо на расстоянии более километра. Даже если вы проехали камеру, устройство продолжает оповещать, пока полностью не потеряет сигнал. Индикация: пока устройство не зафиксирует, что сигнал камеры полностью исчез, на экране будет отображаться соответствующая индикация."
"Зачем нужна задержка включения.; Для чего в настройках Karma есть функция отложенного старта.; Какие преимущества дает установка таймера на включение регистратора.; Почему устройство не включается сразу при подаче питания можно ли это изменить.; В каких ситуациях полезна функция задержки запуска комбо-устройства.; Почему при запуске двигателя устройство перезагружается.; Видеорегистратор Fujida отключается когда завожу машину.; При повороте ключа зажигания Karma выключается и снова включается.; Регистратор перезагружается в момент старта двигателя это нормально.; Как предотвратить выключение комбо-устройства при запуске мотора автомобиля.","При запуске двигателя автомобиля напряжение может кратковременно падать из-за работы стартера. Если напряжение на аккумуляторе падает ниже 12.4 В, видеорегистратор может автоматически перезагрузиться. Чтобы избежать сбоя работы устройства в момент падения напряжения, предусмотрена задержка включения. Это позволяет устройству продолжать работать при запуске двигателя. Когда вы заводите машину, напряжение падает, но устройство не выключается сразу, а проходит небольшой период на заставке, чтобы избежать перезагрузки. После восстановления нормального напряжения устройство продолжает свою работу. Если напряжение не опускается ниже 12.4 В, перезагрузки не происходит."
"Как работает парковочный режим у устройств с дополнительной камерой, почему изображение становится зеркальным.; Для чего Fujida Duo переворачивает картинку с задней камеры при парковке.; В каких случаях видео с дополнительной камеры отображается в зеркальном виде.; Почему задняя камера на моем регистраторе показывает все наоборот при парковке.","Автоматическое включение камеры заднего вида: при включении парковочного режима камера заднего вида активируется автоматически. На экране отображаются парковочные полосы, которые помогают водителю при парковке. Зеркальное изображение: изображение с камеры отображается в зеркальном виде. Это не является дефектом, а наоборот, правильной работой устройства. Цель зеркального изображения: зеркальное изображение создано для того, чтобы облегчить восприятие водителем ситуации при движении задним ходом, что позволяет более точно ориентироваться при парковке."
"Не воспроизводятся видео на телефоне.; Не воспроизводятся видео на телефоне из приложения Fujida.Pro.; Ролики с регистратора не открываются в мобильном приложении.; Почему я не могу просмотреть записи с Karma на своем смартфоне.; Приложение зависает при попытке воспроизвести видео с видеорегистратора.; При нажатии на файл записи в телефоне ничего не происходит.; Не воспроизводятся видео на компьютере.; Файлы записи с Fujida не открываются на ПК какой кодек нужен.; Компьютер не видит видеофайлы с SD карты Karma.; При попытке просмотра роликов с регистратора на компьютере появляется ошибка.; Какой программой лучше всего просматривать видео с видеорегистратора на Windows.","Установите VLC media player или другой плеер с последними драйверами для полноценного просмотра видеофайлов."
"Ссылки на видео обучение для обновления устройств и проверки карты памяти.; Где посмотреть видео инструкцию по обновлению Fujida.; Пришлите ссылки на обучающие видео о проверке SD карты для регистратора.; Есть ли на YouTube канал с официальными туториалами по настройке видеорегистраторов.; Хочу посмотреть как правильно обновлять прошивку Karma видеоурок.; Скиньте обучающее видео как диагностировать проблемы с картой памяти.","Как обновить комбо-устройство Fujida через мобильное приложение на IOS: Ссылка на видео. Как обновить комбо-устройство Fujida с помощью компьютера и карты памяти: Ссылка на видео. Как проверить карту памяти на скорость и работоспособность: Ссылка на видео. Как обновить комбо-устройство Fujida через мобильное приложение на Android: Ссылка на видео."
"Как настроить оповещение радар-детектора у комбо-устройств 3в1.; Где в меню Karma изменить громкость и тип оповещения о камерах.; Как отключить звуковой сигнал для определенных типов радаров.; Можно ли настроить дальность срабатывания радар-детектора в Fujida.; Какие параметры оповещений можно регулировать в комбо-устройстве.","Оповещения на переносные камеры происходят способом появления диапазона К (выделение частоты из всего диапазона при работе сигнатуры) и эффекта Гейгера, а также звуковым сигналом. Если вы хотите, чтобы он оповещал о камерах голосом, то необходимо включить Смарт-режим и отключить диапазон К только если в вашем городе нет камер Арена. В таком случае радар-детектор будет работать по сигнатуре и оповещать голосом о типе переносных камер. Также в настройках радар-детектора есть функция фильтра скорости. При активной функции радар-детектор не будет оповещать вас о камерах звуковыми оповещениями, если вы не превышаете ограничения скорости данной камеры, а только отобразит информацию на экране регистратора визуально. Отключить или включить эту функцию можно в настройках радар-детектора, нажав кнопку rd. По умолчанию она включена. Также обратите внимание на функцию Тихий режим, при котором радар отключается при скорости ниже заданного лимита, и функцию фильтр слабых сигналов — радар не оповещает о камерах, пока сила сигнала гейгер-эффекта не достигнет определённого значения."
"Видеорегистратор показывает 00000000 или 00002000, что делать.; На дисплее Fujida вместо нормальной информации одни нули это поломка.; После сброса настроек экран регистратора отображает только цифры 00000000.; Почему на Karma появились странные цифры 00002000 вместо даты и времени.; Как исправить ошибку когда на дисплее комбо-устройства только нули.","Если в меню устройства пункт База камер отображается 00000000, необходимо проверить карту памяти на исправность с помощью приложения на компьютере. Если она неисправна или не соответствует 10 классу, то все функции устройства могут работать некорректно. Убедитесь в том, что в слот устройства карта памяти установлена корректно. Также возможно, что есть проблемы с GPS-креплением. Если это отображается в меню версии прошивки или радар-детектора (относится только к комбо-устройствам 3в1), необходимо проверить карту памяти на исправность с помощью приложения на компьютере. Если она неисправна или не соответствует 10 классу, то все функции устройства могут работать некорректно. Также вероятно, что антенна вышла из строя. Если версия ПО видеорегистратора показывает некорректные данные, устройство следует обновить с помощью карты памяти. Если при обновлении шкала на экране устройства зависла, необходимо обратиться в сервисный центр."
"Как к Вам подъехать?; Где находится ближайший сервисный центр Fujida.; Подскажите адрес офиса для сдачи видеорегистратора в ремонт.; Можно ли лично привезти устройство Karma в сервис центр.; На какой адрес доставить регистратор для гарантийного обслуживания.","Мы работаем как интернет-магазин дистанционным способом. Для того чтобы обратиться в техническую поддержку или сервисный центр, напишите на электронную почту support@fujida.su или свяжитесь через WhatsApp/Telegram: +7 927 035-55-55. Опишите проблему с устройством, укажите модель и приложите фотографии неисправности."
"Черный экран, экран светится чёрным.; Экран светится черным на регистраторе Fujida.; Включаю видеорегистратор но изображения нет только темный дисплей.; Karma работает но на экране ничего не видно только подсветка.; Дисплей устройства включен однако показывает только черный цвет.; После обновления на комбо-устройстве пропало изображение только черный экран.","Отключите функцию Автовыключение экрана. Если экран вовсе не подсвечивается, то рекомендуем обратиться в сервисный центр."
"Где купить видеорегистратор, ссылка на магазин яндекс маркет, ссылка на магазин озон, ссылка на магазин вб, ссылка на магазин валдберрис, ссылка на магазин вайлдберис, ссылка на магазин Ozon, ссылка на магазин Wildberries, ссылка на магазин Яндекс Маркет","Приобрести видеорегистраторы, радар-детекторы, комбо-устройства и карты памяти Fujida можно на следующих площадках: Ozon: https://ozon.ru/t/cBqPhgj Wildberries: https://www.wildberries.ru/seller/1184874 Яндекс Маркет: https://market.yandex.ru/business--fujida-official-store/10308730?utm_medium=sharing Официальный сайт Fujida: https://fujida.pro/"
"Здравствуйте покупал Fujida boom biik s На экране показывает радар, но не говорит а звук включён в чем может быть дело?","Отсутствие звуковых оповещений на Fujida Boom Blik S при включенном звуке чаще всего связано с настройкой Фильтр скорости. Убедитесь, что эта функция не активирована или установлена на комфортное для вас значение (например, 0 км/ч, если хотите слышать все оповещения). Устройство Fujida Boom Blik S не имеет функций Тихий режим или отдельных настроек режима, влияющих на голосовые оповещения, кроме общей громкости и фильтра скорости. Если проверка настройки Фильтр скорости не помогла, обратитесь в службу поддержки: по электронной почте support@fujida.su или через WhatsApp/Telegram: +7 927 035-55-55."
"Как прибавить звук на hit s?","На устройстве Fujida Zoom Hit S WiFi громкость регулируется кнопкой «Стрелка вниз» во время работы устройства (не в меню)."
"На видеорегистраторе при включении появляется жёлтое окошко с сообщением ""menuseting is invalid, menuseting will recover, The device reboot!!!!!!!"" и отключается. При повторном включении всё повторяется.","Для решения проблемы с сообщением menuseting is invalid, menuseting will recover, The device reboot на вашем видеорегистраторе, рекомендуется обновить прошивку. Пожалуйста, выполните следующие шаги: Перейдите по ссылке: https://update.fujida.su/services/ Выберите вашу модель устройства и скачайте файл с Актуальной прошивкой и базой камер. Извлеките файлы из скачанного архива. Отформатируйте карту памяти microSD на самом устройстве (если такой опции нет или карта >32GB, то на компьютере в FAT32, кластер 32КБ). Перенесите разархивированные файлы прошивки (обычно это один файл с расширением .bin или несколько файлов) в корневую директорию карты памяти. Вставьте карту памяти с файлами в слот выключенного видеорегистратора. Подключите видеорегистратор к питанию с помощью оригинального кабеля, идущего в комплекте. Устройство должно включиться автоматически. На экране будет отображаться статус обновления прошивки (обычно в процентах). Не отключайте питание во время обновления! По завершении процесса устройство автоматически перезагрузится. Файлы прошивки с карты памяти могут удалиться автоматически. После перезагрузки проверьте в меню настроек версию прошивки. Если проблема повторится после обновления, обратитесь в сервисный центр Fujida."
"Как настроить время","Способ настройки времени на устройствах Fujida зависит от наличия GPS-модуля: Если у вашего устройства есть GPS-модуль: время обычно синхронизируется автоматически по спутникам. Вам нужно только установить правильный часовой пояс в меню видеорегистратора (Настройки -> Часовой пояс). По умолчанию часто установлено Московское время (GMT+03:00). Если устройство поддерживает подключение к мобильному приложению, время также может установиться автоматически при синхронизации с телефоном. Если у вашего устройства нет GPS-модуля: зайдите в меню видеорегистратора, найдите пункт Дата и время (или аналогичный) и установите текущие значения вручную."
"Не ловит GPS","Если ваш видеорегистратор Fujida не ловит GPS, попробуйте следующие шаги для диагностики и устранения проблемы: Проверьте возможную блокировку сигнала: в некоторых регионах, особенно вблизи стратегических объектов, могут использоваться системы РЭБ, подавляющие GPS-сигнал. Попробуйте проверить работу GPS в другом месте, например, за городом. Если иконка спутника на экране станет активной (обычно белого цвета) или начнет отображаться скорость, значит, соединение установлено. Проверьте карту памяти: неисправная или медленная карта памяти (ниже 10 класса скорости) может влиять на корректную работу всех функций устройства, включая GPS. Проверить карту памяти на скорость и работоспособность можно с помощью программы HD_Speed. Скачать: https://www.fujida.su/guarantee/microSD-test.php?clear_cache=Y Видеоинструкция по проверке карты памяти: https://vkvideo.ru/video-174258496_456239177 Если скорость записи ниже 10 МБ/с, карту необходимо заменить. Проверьте версию базы камер (косвенный признак работы GPS-модуля): зайдите в меню настроек устройства и посмотрите информацию о версии базы камер. Если она отображается как 00000000 или подобным образом, это может указывать на неисправность GPS-модуля. Прошивка: убедитесь, что на устройстве установлена актуальная прошивка. Если после этих шагов проблема не решена, обратитесь в службу поддержки."
"Какой комбо ловит камеры дальше всех","Дальность обнаружения камер комбо-устройством зависит от нескольких факторов, в первую очередь от типа используемой радарной антенны и наличия усилителя слабых сигналов (LNA): рупорная антенна обычно обеспечивает большую дальность обнаружения по сравнению с патч-антенной. Наличие LNA (Low Noise Amplifier - усилитель слабых сигналов) значительно увеличивает чувствительность и, соответственно, дальность приёма сигналов от полицейских радаров, как для рупорных, так и для патч-антенн. При выборе обращайте внимание на эти характеристики в описании модели. Устройства с рупорной антенной и/или LNA будут иметь преимущество в дальности обнаружения."
"Как обновится по WiFi","Для обновления прошивки и/или баз камер устройства Fujida по Wi-Fi через мобильное приложение, следуйте этим шагам: Установите приложение: скачайте и установите приложение Fujida (или Fujida Pro, в зависимости от модели) на ваш смартфон. Для iOS – из App Store, для Android – из Google Play. Включите Wi-Fi на устройстве Fujida: активируйте Wi-Fi в меню вашего видеорегистратора/комбо-устройства. Подключите смартфон к Wi-Fi сети устройства: на телефоне в настройках Wi-Fi найдите сеть, созданную вашим устройством Fujida (название сети обычно содержит Fujida или модель устройства). Пароль по умолчанию чаще всего 12345678. Откройте приложение Fujida на смартфоне: при первом запуске дайте все необходимые разрешения приложению. Важно: выберите в приложении именно вашу модель устройства. Если модель не видна сразу, проверьте вкладки типа Гибриды, GPS-информаторы, Регистраторы. Загрузка и установка обновления: приложение автоматически проверяет наличие обновлений для подключенного устройства. Если обновление доступно, вам будет предложено его загрузить. Для загрузки обновления на телефон может потребоваться мобильный интернет (3G/4G/LTE). После загрузки обновления на телефон, запустите процесс установки на устройство Fujida через приложение. Устройство может перезагрузиться во время обновления. Не отключайте питание. Особенности для некоторых ОС: Android – иногда для стабильного подключения к Wi-Fi устройства требуется временно отключить мобильную передачу данных на телефоне. iOS – если возникают проблемы с подключением или передачей данных (например, приложение требует отключить мобильный интернет), убедитесь, что для приложения Fujida в настройках iOS разрешен доступ к Локальной сети."
"Устройство не включается, что делать","Если ваше устройство Fujida не включается, попробуйте следующие шаги для диагностики: Проверьте подключение и питание: используйте только оригинальный адаптер питания со шнуром, который шел в комплекте с устройством, и подключите его к прикуривателю автомобиля. Неоригинальные или поврежденные кабели/адаптеры могут не обеспечивать достаточного питания. Проверьте, горит ли индикатор на адаптере питания (если он есть). Если не горит, проверьте предохранитель в адаптере и сам прикуриватель. Попробуйте включить без карты памяти: извлеките карту памяти из устройства и попробуйте его включить. Если устройство включается без карты, проблема может быть в карте. Проверьте карту памяти: проверить карту памяти на скорость и работоспособность можно с помощью программы HD_Speed (https://www.fujida.su/guarantee/microSD-test.php?clear_cache=Y). Видеоинструкция: https://vkvideo.ru/video-174258496_456239177. Если карта неисправна, замените ее. Попробуйте обновить прошивку (если есть подозрение на программный сбой): перейдите на сайт https://update.fujida.su/services/, скачайте актуальную прошивку для вашей модели, извлеките файлы, отформатируйте карту памяти (FAT32, кластер 32КБ), скопируйте файлы прошивки в корень карты памяти, вставьте карту в выключенный видеорегистратор, подключите питание через оригинальный кабель — обновление начнется автоматически. Если ничего не помогло, вероятно, неисправность аппаратная. Обратитесь в сервисный центр Fujida."
"Регистратор перезагружается что можно сделать","Если ваш видеорегистратор Fujida постоянно перезагружается, выполните следующие проверки: Проверьте питание: убедитесь, что используете оригинальный адаптер питания со шнуром, идущий в комплекте. Он обеспечивает необходимое напряжение и ток для стабильной работы. Использование неоригинальных аксессуаров – частая причина перезагрузок. При запуске двигателя напряжение в бортовой сети автомобиля может кратковременно падать. Большинство регистраторов имеют задержку включения, но если аккумулятор слаб, падение может быть слишком сильным. Проверьте карту памяти: неисправная, несовместимая (например, очень большого объема) или медленная карта памяти (ниже 10 класса скорости) – одна из самых частых причин перезагрузок. Попробуйте включить устройство без карты памяти. Если перезагрузки прекратились, проблема в карте. Проведите проверку карты с помощью программы HD_Speed (https://www.fujida.su/guarantee/microSD-test.php?clear_cache=Y). Видеоинструкция: https://vkvideo.ru/video-174258496_456239177. Если скорость записи ниже 10 МБ/с, карту необходимо заменить. Обновите прошивку: скачайте актуальную прошивку на сайте https://update.fujida.su/services/ и выполните обновление. Сбросьте настройки до заводских. Если проблема сохраняется, обратитесь в сервисный центр Fujida."
"Как обновить устройство через карту памяти","Чтобы обновить прошивку и/или базу камер на устройстве Fujida с помощью компьютера и карты памяти, выполните шаги: 1) Скачайте файлы на https://update.fujida.su/services/, выберите модель и скачайте актуальную прошивку. 2) Извлеките файлы из архива (.zip, .rar). 3) Подготовьте карту памяти microSD: карты 64 ГБ и более форматируйте в устройстве через меню; карты до 32 ГБ можно форматировать на ПК (FAT32, кластер 32 КБ). 4) Скопируйте файлы прошивки (обычно один или несколько .bin) в корень карты памяти. 5) Установите обновление: вставьте карту в выключенный регистратор, подключите питание через оригинальный кабель в авто. Обновление начинается автоматически, на экране отображается статус. Не отключайте питание! 6) Завершение: после обновления устройство перезагрузится, файлы с карты могут удалиться автоматически. 7) Проверьте в меню версию прошивки. Видеоинструкция: https://vk.com/video/@fujida_rus?z=video-174258496_456239174%2Fclub174258496"
"Не говорит о камерах / Почему не предупреждает о приближении к камерам?","Если ваше устройство Fujida не предупреждает о камерах, причины могут быть следующими: Недостаточное питание: убедитесь, что устройство подключено с помощью оригинального шнура питания от прикуривателя. Недостаток питания может влиять на корректную работу GPS и радарной части. Проблемы с картой памяти: неисправная или некачественная карта памяти может вызывать сбои в работе устройства, включая GPS-оповещения. Проведите проверку карты памяти программой HD_Speed (https://www.fujida.su/guarantee/microSD-test.php?clear_cache=Y). Видеоинструкция: https://vk.com/video/@fujida_rus?z=video-174258496_456239177. Блокировка GPS-сигнала: в некоторых регионах (особенно стратегически важных, например, Москва и МО) возможно подавление GPS-сигналов системами РЭБ. Проверьте работу GPS, выехав за город. Если иконка спутника станет активной или начнет отображаться скорость, GPS-соединение установлено. Устаревшая прошивка или база камер: убедитесь, что установлена актуальная версия прошивки и базы камер. Если проблема сохраняется, сообщите службе поддержки модель и текущую версию."
"Как предложить исправления/добавления в базу камер?","Для внесения исправлений или добавления новой камеры в базу Fujida предоставьте службе поддержки: фото камеры; точные GPS-координаты её местоположения (например, 56.16419/48.28773); либо постановление о штрафе с этого места. Также опишите характер исправления (неверный тип камеры, направление, ошибочное предупреждение и т.д.)."
"Не подключается по Wi-Fi к приложению (iOS) / Не могу обновить по Wi-Fi.","Если возникают проблемы с подключением устройства Fujida к iPhone по Wi-Fi: используйте актуальное приложение Fujida.Pro (скачать из App Store). Правильный выбор модели: выберите именно свою модель устройства. Доступ к локальной сети: проверьте, предоставлен ли доступ приложению (Настройки -> Конфиденциальность и безопасность -> Локальная сеть -> Fujida.Pro -> включить). Также дайте разрешения на уведомления. VPN: отключите на время подключения. Перезагрузка и переподключение: перезагрузите смартфон и регистратор, забудьте сеть Wi-Fi и подключитесь заново. Карта памяти: убедитесь, что установлена исправная карта."
"Как обновить / скачать видео по Wi-Fi (Android)?","Для работы с устройством Fujida через Wi-Fi на Android: используйте приложение Fujida.Pro (скачать из Google Play или установить APK, предоставленный поддержкой). Для установки APK откройте его на телефоне и разрешите установку из неизвестных источников. Правильный выбор модели: в приложении выберите именно вашу модель устройства. Подключение: включите Wi-Fi на видеорегистраторе, подключитесь к его сети на телефоне, затем откройте приложение."
"Проблемы с подключением/обновлением по Wi-Fi на iOS (Fujida Zoom Smart S и другие модели). Не видит файлы, предлагает обновить актуальную базу.","Если возникают сложности с подключением Fujida к iPhone: проверьте карту памяти — она должна быть исправна. Отформатируйте карту через меню регистратора. Проверьте карту на ПК программой HD_Speed (https://www.fujida.su/guarantee/microSD-test.php?clear_cache=Y). Видеоинструкция: https://vk.com/video/@fujida_rus?z=video-174258496_456239177. Приложение и разрешения: используйте Fujida.Pro из App Store, обязательно предоставьте доступ к «Локальной сети» (Настройки -> Fujida.Pro -> Локальная сеть). Убедитесь, что выбрана правильная модель устройства. Процесс обновления: если база уже актуальна, приложение загрузит базу на телефон, но не установит на устройство — это нормально. Видеоинструкция: https://vk.com/video/@fujida_rus?z=video-174258496_456239175. Дополнительно: отключите VPN, перезагрузите устройства, забудьте сеть и подключитесь заново."
"Проблемы с обновлением прошивки/базы камер с ПК (версия базы отображается как 00000000, обновление не запускается).","Если после обновления с ПК версия базы отображается как 00000000: проверьте питание (используйте оригинальный кабель). Проверьте правильность процесса: скачайте актуальный файл прошивки на https://update.fujida.su/services/, извлеките файлы (.bin). Форматирование карты: карты 64 ГБ+ форматируйте в регистраторе, карты до 32 ГБ — на ПК (FAT32, кластер 32 КБ). Копирование файлов: перенесите файлы в корень карты. Установка: вставьте карту в выключенный регистратор, подключите питание оригинальным кабелем в авто. На экране должен появиться статус обновления. После завершения устройство перезагрузится. Проверьте версию ПО. Видеоинструкция: https://youtu.be/5uJtrqqct6c (ссылка может быть неактуальна, проверяйте на официальных ресурсах Fujida)."
"Не отображается скорость и нет предупреждений о камерах (проблемы с подключением к спутникам GPS).","Если устройство не показывает скорость и не предупреждает о камерах, это указывает на отсутствие соединения со спутниками GPS. Возможные причины: 1) Питание и карта памяти: убедитесь, что используется оригинальный шнур питания и исправная карта памяти. 2) Атермальное остекление или подогрев лобового стекла: такие стекла могут блокировать GPS-сигнал. Разместите устройство в технической зоне лобового стекла (обычно вокруг зеркала заднего вида). 3) Региональные помехи GPS: в некоторых регионах (Москва, МО и др.) возможно подавление GPS системами РЭБ. Для проверки выезжайте за город. Если иконка спутника станет активной или начнет отображаться скорость, GPS-модуль исправен."
"Как проверить карту памяти / Проблемы с программой проверки карты памяти (HD_Speed).","Для проверки карты памяти: 1) Скачайте программу HD_Speed: https://www.fujida.su/guarantee/microSD-test.php?clear_cache=Y. 2) Запустите программу: в поле «Накопитель» выберите вашу карту, в режиме проверки выберите «Запись» (Write), нажмите «Старт». 3) Интерпретация: график должен быть ровным. Скорость записи должна быть не ниже 10 МБ/с. Видеоинструкция: https://vk.com/video/@fujida_rus?z=video-174258496_456239177. Если карта исправна, но проблемы сохраняются — обновите прошивку и базу камер (файлы доступны на https://update.fujida.su/services/)."
"Видеорегистратор самопроизвольно перезагружается (например, Fujida Zoom Hit Max).","Если видеорегистратор перезагружается: 1) Проверьте питание — используйте оригинальный шнур. 2) Проверьте карту памяти: попробуйте включить устройство без карты. Если перезагрузки прекратились — проблема в карте. Проверьте карту через HD_Speed (https://www.fujida.su/guarantee/microSD-test.php?clear_cache=Y), видеоинструкция: https://vk.com/video/@fujida_rus?z=video-174258496_456239177. Если скорость записи низкая, замените карту. 3) Проверьте устройство в другом авто. 4) Установите задержку включения (10–30 секунд), чтобы избежать просадки напряжения. 5) Если не помогло — обратитесь в сервисный центр (заполните бланк: https://fujida.su/catalog/blank_neispravnost.doc, приложите чек, серийный номер и свяжитесь с поддержкой по 8-800-500-31-16)."
"Ошибка записи на карте памяти / Проблемы с форматированием (например, на Fujida Okko).","Если появляется «Ошибка записи» даже на фирменной карте: 1) Для моделей вроде Okko выполните спец. форматирование: отформатируйте карту через меню, снимите устройство с магнитного крепления, выключите и снова включите. Повторите при необходимости. 2) Общие рекомендации: карта должна соответствовать классу скорости и объему; проверьте ее на ПК через HD_Speed. 3) Если есть проблемы с Wi-Fi подключением (например, на iPhone): используйте приложение Fujida.Pro, выберите правильную модель, предоставьте приложению доступ к «Локальной сети»."
"Нечитаемые символы в названии сети вместо fujida, не подключается по wifi, пишет неверный пароль.","Решение — обновите устройство через карту памяти и ПК: 1) Перейдите на https://update.fujida.su/services/. 2) Скачайте файл «Актуальная прошивка и база камер». 3) Извлеките файлы. 4) Отформатируйте карту microSD на устройстве (или на ПК FAT32, кластер 32КБ, если карта ≤32ГБ). 5) Скопируйте файлы в корень карты. 6) Вставьте карту в выключенный регистратор. 7) Подключите питание оригинальным кабелем. 8) На экране появится статус обновления. 9) После завершения устройство перезагрузится, файлы удалятся автоматически."
"Модель Zoom Okko, на экране отображаются знаки ограничения скорости.","Переустановите прошивку: 1) Перейдите на https://fujida.su/catalog/videoregistratory/fujida-zoom-okko/. 2) В разделе «Характеристики» скачайте «Актуальную прошивку». 3) Отформатируйте карту через меню регистратора. 4) Скопируйте файл из архива на карту памяти (в корень). 5) Вставьте карту в выключенный регистратор. 6) Подключите питание. На дисплее загорится синий индикатор. 7) После завершения устройство перезагрузится, файлы удалятся автоматически. 8) Проверьте в меню версию прошивки."
"Также наблюдаются 5 секундные видео записи, что это и как убрать.","Причины: 1) Включен датчик движения. Он работает только в режиме парковки и вызывает нестабильную запись при движении. 2) Неисправная или некачественная карта памяти. Проверьте карту через HD_Speed (https://www.fujida.su/guarantee/microSD-test.php?clear_cache=Y) и отправьте фото графика в поддержку."
"Какой видеоплеер вы рекомендуете для просмотра записей с видеорегистратора с привязкой к GPS?","Фирменного плеера с GPS-треком нет. При просмотре видео будут отображаться координаты. Если нужен GPS-трекер — используйте приложение Fujida.Pro. Скачать можно в Play Market (Android) или App Store (iOS)."
"Что такое режим СМАРТ?","«СМАРТ» — это условное название режима с оптимальными настройками, адаптированными для общего использования как в городе, так и на трассе. Используется сигнатурная технология и интеллектуальное оповещение о камерах. К-диапазон выключен и не функционирует до 50 км/ч, свыше 50 км/ч работает согласно выставленным настройкам. При скорости свыше 110 км/ч дальность обнаружения камер по GPS увеличивается в 2 раза. При скорости свыше 130 км/ч фильтр слабых сигналов отключается."
"Что такое режим ТУРБО?","«ТУРБО» — это условное название режима с максимальной дальностью обнаружения камер и с минимальной фильтрацией, адаптированного для общего использования как в городе, так и на трассе. Используется сигнатурная технология и интеллектуальное оповещение о камерах. Дальность обнаружения камер по GPS увеличена в 2 раза."
"Что такое режим ТИХИЙ?","«ТИХИЙ» — это условное название режима, который работает исключительно как GPS-информер. В этом режиме все сигналы в радарных диапазонах K, Стрелка и Лазер детектируются только на скорости свыше 110 км/ч. Рекомендуется использовать в крупных городах и мегаполисах с высоким уровнем радиофона."
"Что такое Режим?","Режим — набор определённых настроек для устройств, их можно изменять в зависимости от местности. Комбо-устройства с радар-детектором имеют режимы: СМАРТ, ТИХИЙ, ТУРБО. Модели c GPS-информатором: РОССИЯ и СНГ."
"Что такое функция Голос?","Голос — функция голосового оповещения. При необходимости эта функция может быть отключена. Установленное значение по умолчанию: ВКЛ."
"Что такое функция Автоприглушение?","Автоприглушение — автоматически приглушает громкость звука. Громкость звукового оповещения уменьшится на 30 % через 7 секунд после приема. Установленное значение по умолчанию: ВКЛ."
"Что такое функция Сигнатура?","Сигнатура — подпись электронного измерителя скорости. Радар-детектор анализирует принимаемый сигнал, и если он совпадает с сигнатурным образцом, заложенным в устройстве, то радар-детектор предупреждает водителя, показывая конкретный тип радара (КОРДОН, КРИС, СКАТ и т.п). Установленное значение по умолчанию: ВКЛ."
"Что такое X-диапазон?","X-диапазон. Радарные комплексы работают в определенном диапазоне частот, радар-детектор воспринимает сигнал от комплекса и оповещает пользователя о нём. В данный момент в России не используются радарные комплексы с диапазоном X. Установленное значение по умолчанию: ВЫКЛ."
"Что такое K-диапазон?","К-диапазон. Большинство радарных комплексов в России работают в диапазоне K, но сигналы в этом диапазоне могут исходить также от сенсорных дверей, линий электропередач и т.п. При условии, если в вашем регионе не установлен комплекс «Арена» (который работает во всем диапазоне K и не имеет собственной сигнатуры) и комбо-устройство обладает сигнатурной технологией, то вы можете отключить K-диапазон, таким образом устройство будет оповещать о камере по сигнатуре и будут исключены различные помехи. При выборе «Тихий» звук оповещения постоянно работает с приглушением. Установленное значение по умолчанию: ВКЛ."
"Что такое Стрелка?","Стрелка — детектирование радарным модулем Стрелки. Радарный комплекс «Стрелка» работает в диапазоне K, но сигнал этого комплекса отличается, поэтому «Стрелка» детектируется как отдельный тип сигнала. Установленное значение по умолчанию: ВКЛ."
"Что такое Лазер?","Лазер — детектирование лазерным модулем. Установленное значение по умолчанию: ВКЛ."
"Что такое Фильтр скорости?","Фильтр скорости. Комбо-устройство не подает звуковых сигналов в зависимости от текущей скорости автомобиля, а только отображает информацию о камере на дисплее. Например, если фильтр скорости равен 60 км/ч, то при движении со скоростью 59 км/ч видеорегистратор не будет издавать никаких звуковых оповещений. Для того чтобы устройство всегда подавало звуковые оповещения о камере, вне зависимости от текущей скорости, установите значение «ВЫКЛ». Установленное значение по умолчанию: 60 км/ч."
"Что такое Действие фильтра скорости?","Действие фильтра скорости. Возможность отключения звуковых/голосовых оповещений до достижения установленного значения фильтра скорости не только сигналов в радарных диапазонах и сигналов лазера, но и оповещений о стационарных камерах по базе координат GPS. Рекомендуется использовать только параметр РАДАР. Для отключения звуковых/голосовых оповещений до достижения установленного значения фильтра скорости по радиомодулю и модулю GPS установите значение РАДАР и GPS. Установленное значение по умолчанию: РАДАР."
"Что такое Допустимое превышение скорости?","Допустимое превышение скорости. Корректировка установленного ограничения скорости в базе камер. При движении выше максимально разрешенной скорости на участке на 20 км/ч (или 10 км/ч) поступит звуковое оповещение «Снижайте скорость!». Вы можете установить следующие значения допустимого превышения: 0-5-10-15-18-20-30 км/ч. Установленное значение по умолчанию: 20 км/ч."
"Что такое Фильтр слабых сигналов?","Фильтр слабых сигналов. Функция, которая позволяет уменьшить ложные срабатывания. Например, если значение фильтра установлено на «3», то радар-детектор не будет подавать звуковых оповещений, пока сила обнаруженного сигнала будет менее 3. Установленное значение по умолчанию: 2."
"Что такое Обнаружение GPS камер?","Обнаружение GPS камер. Функция, позволяющая настроить дальность обнаружения камер по базе GPS. «Мин» — минимальная дальность обнаружения. «Авто» — дальность обнаружения увеличивается в 2 раза после 110 км/ч. «Макс» — дальность обнаружения увеличена в 2 раза. Например, если при значении «Мин» устройство оповестит о камере за 400 метров, то при значении «Макс» оповещение о той же камере поступит за 800 метров. Установленное значение по умолчанию: Авто."
"Что такое «Тихий» режим радара?","«Тихий» режим радара. Функция, позволяющая отключить оповещения о сигналах в радарных диапазонах и сигналах лазера при движении со скоростью ниже выбранной. Например, если «тихий» режим радара равен 10 км/ч, то при текущей скорости от 0 до 9 км/ч оповещения по радар-детектору будут отсутствовать. При текущей скорости 10 км/ч и более устройство оповестит об обнаруженном сигнале, его силе и диапазоне. Установленное значение по умолчанию: 10 км/ч."
"Что такое «Cнижайте скорость!»?","«Cнижайте скорость!». Возможность отключения голосового предупреждения «Снижайте скорость!» в случае превышения максимально допустимой скорости перед стационарными камерами из базы GPS. Установленное значение по умолчанию: ВКЛ."
"Что такое «Моя максимальная скорость»?","Моя максимальная скорость. Пользователь самостоятельно может выбрать скоростной лимит, при превышении которого поступит уведомление «Снижайте скорость!». Например, если значение функции установлено на 80 км/ч, то при движении со скоростью 81 км/ч поступит голосовое оповещение о том, что необходимо снизить скорость до установленного значения (80 км/ч). Установленное значение по умолчанию: ВЫКЛ."
"Что такое «Платон»?","Платон. Камера «Платон» — это камера фото- и видеофиксации, установленная в рамках системы взимания платы с большегрузов. Она предназначена для автотранспорта весом свыше 12 тонн. Если ваш автомобиль не является большегрузом, то вы можете отключить оповещение о данном типе камер. Установленное значение по умолчанию: ВКЛ."
"Что такое «Контроль автобусной полосы и контроль светофоров»?","Контроль автобусной полосы и контроль светофоров. Камеры контроля светофоров и автобусной полосы также могут измерять превышение скоростного режима, поэтому водитель может по собственному усмотрению включить или выключить обнаружение данного типа камер в GPS-базе. Если данные камеры не направлены на измерение превышения скоростного режима, а только на контроль автобусной полосы и светофоров, то устройство о них оповещать не будет. Установленное значение по умолчанию: ВКЛ."
"Что такое «Муляж камеры»?","Муляж камеры. Оборудование, копирующее дизайн камер, не имеющее возможности фиксации нарушений. Установленное значение по умолчанию: ВКЛ."
"Что такое «Мобильная засада»?","Оповещение о возможных точках нахождения мобильных треног (лазерных и маломощных радаров) согласно базе GPS. Установленное значение по умолчанию: ВКЛ."
"Что такое «База камер»?","Возможность включения и выключения оповещения устройства по базе камер GPS. При выключении «Базы камер» оповещения о камерах будут происходить только по радар-детектору. Установленное значение по умолчанию: ВКЛ."
"Что такое «Контроль средней скорости»?","Контроль средней скорости. Метод измерения скорости транспортного средства на участке дороги с помощью двух синхронизированных камер фотовидеофиксации, установленных в начале и в конце участка контроля. С 2021 года данный метод измерения был признан недействительным. В случае отмены решения пользователь может активировать оповещение об этом типе камер через меню устройства. Установленное значение по умолчанию: ВКЛ."
"Что такое звук для диапазонов «X», «K», «Стрелка», «Лазер»?","Пользователь может присвоить каждому диапазону звуковое оповещение от 1 до 9, которое будет появляться при обнаружении сигнала радар-детектором. Установленное значение по умолчанию на все диапазоны: 3."
"Что такое оповещение «База камер устарела!»?","Если база камер не обновлялась более 60 дней, устройство напомнит о необходимости обновления соответствующим уведомлением на экране и голосовым оповещением. Установленное значение по умолчанию: ВЫКЛ."
"Что такое «Калибровка скорости»?","Показатели спидометра автомобиля фактически отличаются от реальной скорости движения. Причём у различных автопроизводителей коррекционное значение отличается. Если показание скорости устройства отличается от показания спидометра автомобиля, то можно установить параметр корректировки от GPS +0% до GPS +7%. За основу принята скорость, рассчитанная по GPS. Например, GPS +7% означает, что текущая скорость GPS увеличена на 7%. Установленное значение по умолчанию: GPS +3%."
"Что такое «Куранты»?","Голосовое оповещение о каждом полном часе в фоновом режиме. Например: «Текущее время семнадцать часов». Установленное значение по умолчанию: ВКЛ."
"Что такое «Сбросить настройки РД»?","Функция, позволяющая сбросить все настройки радар-детектора до заводских (по умолчанию). Рекомендуется активировать при некорректной работе устройства."
"Что такое «Версия прошивки»?","Указана установленная версия прошивки антенны радар-детектора. Если прошивка стабильная, то её версия может не меняться в течение нескольких месяцев."
"Что такое «Версия базы камер»?","Указана установленная версия базы камер на устройстве. Обновление базы камер достаточно проводить 1 раз в месяц."
"Что такое «WiFi»?","Активируйте WiFi для соединения устройства со смартфоном. Предварительно установите приложение Fujida Pro для взаимодействия с устройством."
"Что такое «Разрешение камеры»?","Устройства способны вести запись видео при нескольких разрешениях: Ultra HD 3840×2160 (30 к/с), Quad HD 2560×1440 (30 к/с), Super HD 2304×1296 (30 к/с), Full HD 1920×1080 (60 к/с), Full HD 1920×1080 (30 к/с), HD 1280×720. Набор разрешений зависит от модели устройства."
"Что такое «Распознавание знаков (AI Function)»?","Распознавание знаков (AI Function) представляет собой интеллектуальную функцию, встроенную в некоторые современные устройства. Эта технология позволяет автоматически обнаруживать и распознавать дорожные знаки ограничения скорости и выводить информацию на экран устройства. Принцип работы: 1) видеоизображение разбивается на кадры; 2) алгоритмы находят знак; 3) выполняется классификация типа знака; 4) определяется значение и выводится на экран. Особенности: система активируется при движении свыше 80 км/ч. Настройки оповещений: «Голос+картинка» (по умолчанию) или «Только картинка». Функция помогает водителям соблюдать скоростной режим."
"Что такое «Цикл записи»?","Вы можете выбрать длительность записываемых видеороликов 1/2/3 (1/3/5) минуты. Длительность записи видеороликов зависит от модели устройства."
"Что такое «Ночной режим»?","Функция, которая позволяет улучшить качество видеозаписи в условиях низкой освещенности или в темное время суток. Основная особенность — понижение экспозиции на -2 единицы, чтобы избежать пересвета и сохранить детали в темных областях. Потеря яркости компенсируется функцией WDR. Время действия ночного режима можно задать в промежутке с 00:00 до 00:00. Установленное значение по умолчанию: ВЫКЛ."
"Что такое «G-сенсор»?","Датчик столкновения или удара, при срабатывании которого файл будет автоматически блокирован от перезаписи. Доступны варианты настройки: ВЫКЛ / Низкий / Средний / Высокий. Блокировка файла возможна и вручную — кнопкой на корпусе устройства."
"Что такое «WDR»?","Динамический режим видеосъемки, при котором в ярких и темных местах можно получить улучшенное качество видео по сравнению с обычной записью. Установленное значение по умолчанию: ВКЛ."
"Что такое «Задержка включения»?","Позволяет задать время задержки включения, чтобы регистратор не включался сразу при подаче питания. Это защищает от скачка напряжения при запуске двигателя. Варианты: ВЫКЛ / 10 сек / 20 сек / 30 сек. Установленное значение по умолчанию: ВЫКЛ."
"Что такое «Спидометр и Часы»?","При включении во время движения на дисплее отображается текущая скорость автомобиля, во время остановки — часы. Установленное значение по умолчанию: ВКЛ."
"Что такое «Автоотключение экрана»?","Функция перехода устройства в режим заставки: вместо изображения записи выводится черный фон, остаются спидометр, часы и индикатор записи. Варианты: ВЫКЛ / 10 сек / 20 сек / 30 сек. Установленное значение по умолчанию: 30 сек."
"Что такое «Датчик движения»?","Функция записи только при наличии движения в кадре. Не рекомендуется использовать во время движения автомобиля, иначе может нарушиться цикличность записи. Установленное значение по умолчанию: ВЫКЛ."
"Что такое «Экспозиция»?","Позволяет выбрать уровень светочувствительности от +2/0 до -2/0. Установленное значение по умолчанию: 0.0."
"Что такое «Гос. номер авто»?","Возможность указать государственный номер автомобиля для отображения в виде штампа на видеороликах."
"Что такое «Штамп скорости»?","Позволяет настроить отображение текущей скорости. При превышении установленного значения штамп скорости на видео не отображается. Установленное значение по умолчанию: ВКЛ."
"Что такое «Запись звука»?","Функция включения/отключения записи звука в видеороликах. Установленное значение по умолчанию: ВКЛ."
"Что такое «Системные звуки»?","Звуки включения и выключения устройства. Установленное значение по умолчанию: ВЫКЛ."
"Что такое «Сброс настроек»?","Функция сброса всех установок на заводские."
"Что такое «Демо-режим»?","При включении демонстрирует пример оповещений радарного модуля и GPS базы. Автоматически отключается при выключении устройства. Установленное значение по умолчанию: ВЫКЛ."
"Что такое «Версия ПО»?","Отображает текущую версию программного обеспечения (прошивки) видеорегистратора."